Workbook
Name YearS: Sheet1!$A:$A

Sheet Sheet1
A1: Year | B1: Male LFPR | C1: Female LFPR | D1: Male Unemployment | E1: Female Unemployment | F1: Employment-to-Population Ratio | G1: GDP Growth | H1: Youth_Unemployment_Percent
A2: 1990 | B2: 86.118 | C2: 30.257
A3: 1991 | B3: 86.105 | C3: 30.361 | D3: 7.62 | E3: 7.702 | F3: 53.537 | G3: 1.0568314 | H3: 20.18
A4: 1992 | B4: 86.081 | C4: 30.476 | D4: 7.629 | E4: 7.71 | F4: 53.561 | G4: 5.482396 | H4: 20.26
A5: 1993 | B5: 86.054 | C5: 30.595 | D5: 7.642 | E5: 7.721 | F5: 53.581 | G5: 4.7507762 | H5: 20.35
A6: 1994 | B6: 86.016 | C6: 30.736 | D6: 7.57 | E6: 7.66 | F6: 53.655 | G6: 6.6589241 | H6: 20.27
A7: 1995 | B7: 86.143 | C7: 31.331 | D7: 7.545 | E7: 7.639 | F7: 53.975 | G7: 7.5744918 | H7: 20.2
A8: 1996 | B8: 86.265 | C8: 31.934 | D8: 7.511 | E8: 7.611 | F8: 54.302 | G8: 7.5495222 | H8: 20.12
A9: 1997 | B9: 86.387 | C9: 32.542 | D9: 7.549 | E9: 7.643 | F9: 54.592 | G9: 4.0498208 | H9: 20.19
A10: 1998 | B10: 86.509 | C10: 33.157 | D10: 7.571 | E10: 7.661 | F10: 54.892 | G10: 6.1844158 | H10: 20.22
A11: 1999 | B11: 86.628 | C11: 33.775 | D11: 7.558 | E11: 7.65 | F11: 55.213 | G11: 8.8457556 | H11: 20.19
A12: 2000 | B12: 86.742 | C12: 34.397 | D12: 7.564 | E12: 7.655 | F12: 55.52 | G12: 3.8409912 | H12: 20.2
A13: 2001 | B13: 86.369 | C13: 34.483 | D13: 7.587 | E13: 7.674 | F13: 55.363 | G13: 4.8239663 | H13: 20.42
A14: 2002 | B14: 85.993 | C14: 34.57 | D14: 7.659 | E14: 7.736 | F14: 55.175 | G14: 3.8039753 | H14: 20.76
... A37: 2025 | B37: 81.652 | C37: 32.425 | D37: 4.249 | E37: 4.141 | F37: 53.31 | G37: 7.5666618 | H37: 16.02

Sheet Sheet2
A1: Year | B1: Male LFPR | C1: Female LFPR | D1: FLPR GAP | E1: Male Unemployment | F1: Female Unemployment | G1: Unemployment gap | I1: SELECT YEAR | M1: Gender | N1: LFPR | O1: Unemployment
A2: 1990 | B2: 86.118 | C2: 30.257 | D2: =B2-C2 -> 55.861 | G2: =E2-F2 -> 0 | I2: 2005 | M2: Male | N2: =J5 -> 84.847 | O2: =J6 -> 7.62 | Q2: =IF((ROW()-ROW($M$5))*10+COLUMN()-COLUMN($M$5)+1<=ROUND($J$5,0),"●","○") -> ● | R2: =IF((ROW()-ROW($M$5))*10+COLUMN()-COLUMN($M$5)+1<=ROUND($J$5,0),"●","○") -> ● | S2: =IF((ROW()-ROW($M$5))*10+COLUMN()-COLUMN($M$5)+1<=ROUND($J$5,0),"●","○") -> ● | T2: =IF((ROW()-ROW($M$5))*10+COLUMN()-COLUMN($M$5)+1<=ROUND($J$5,0),"●","○") -> ● | U2: =IF((ROW()-ROW($M$5))*10+COLUMN()-COLUMN($M$5)+1<=ROUND($J$5,0),"●","○") -> ● | V2: =IF((ROW()-ROW($M$5))*10+COLUMN()-COLUMN($M$5)+1<=ROUND($J$5,0),"●","○") -> ● | W2: =IF((ROW()-ROW($M$5))*10+COLUMN()-COLUMN($M$5)+1<=ROUND($J$5,0),"●","○") -> ● | X2: =IF((ROW()-ROW($M$5))*10+COLUMN()-COLUMN($M$5)+1<=ROUND($J$5,0),"●","○") -> ● | Y2: =IF((ROW()-ROW($M$5))*10+COLUMN()-COLUMN($M$5)+1<=ROUND($J$5,0),"●","○") -> ●
A3: 1991 | B3: 86.105 | C3: 30.361 | D3: =B3-C3 -> 55.744 | E3: 7.62 | F3: 7.702 | G3: =E3-F3 -> -0.082 | M3: Female | N3: =K5 -> 34.852 | O3: =K6 -> 54.812 | Q3: =IF((ROW()-ROW($M$5))*10+COLUMN()-COLUMN($M$5)+1<=ROUND($J$5,0),"●","○") -> ● | R3: =IF((ROW()-ROW($M$5))*10+COLUMN()-COLUMN($M$5)+1<=ROUND($J$5,0),"●","○") -> ● | S3: =IF((ROW()-ROW($M$5))*10+COLUMN()-COLUMN($M$5)+1<=ROUND($J$5,0),"●","○") -> ● | T3: =IF((ROW()-ROW($M$5))*10+COLUMN()-COLUMN($M$5)+1<=ROUND($J$5,0),"●","○") -> ● | U3: =IF((ROW()-ROW($M$5))*10+COLUMN()-COLUMN($M$5)+1<=ROUND($J$5,0),"●","○") -> ● | V3: =IF((ROW()-ROW($M$5))*10+COLUMN()-COLUMN($M$5)+1<=ROUND($J$5,0),"●","○") -> ● | W3: =IF((ROW()-ROW($M$5))*10+COLUMN()-COLUMN($M$5)+1<=ROUND($J$5,0),"●","○") -> ● | X3: =IF((ROW()-ROW($M$5))*10+COLUMN()-COLUMN($M$5)+1<=ROUND($J$5,0),"●","○") -> ● | Y3: =IF((ROW()-ROW($M$5))*10+COLUMN()-COLUMN($M$5)+1<=ROUND($J$5,0),"●","○") -> ●
A4: 1992 | B4: 86.081 | C4: 30.476 | D4: =B4-C4 -> 55.605 | E4: 7.629 | F4: 7.71 | G4: =E4-F4 -> -0.081 | I4: Indicator | J4: Male | K4: Female | Q4: =IF((ROW()-ROW($M$5))*10+COLUMN()-COLUMN($M$5)+1<=ROUND($J$5,0),"●","○") -> ● | R4: =IF((ROW()-ROW($M$5))*10+COLUMN()-COLUMN($M$5)+1<=ROUND($J$5,0),"●","○") -> ● | S4: =IF((ROW()-ROW($M$5))*10+COLUMN()-COLUMN($M$5)+1<=ROUND($J$5,0),"●","○") -> ● | T4: =IF((ROW()-ROW($M$5))*10+COLUMN()-COLUMN($M$5)+1<=ROUND($J$5,0),"●","○") -> ● | U4: =IF((ROW()-ROW($M$5))*10+COLUMN()-COLUMN($M$5)+1<=ROUND($J$5,0),"●","○") -> ● | V4: =IF((ROW()-ROW($M$5))*10+COLUMN()-COLUMN($M$5)+1<=ROUND($J$5,0),"●","○") -> ● | W4: =IF((ROW()-ROW($M$5))*10+COLUMN()-COLUMN($M$5)+1<=ROUND($J$5,0),"●","○") -> ● | X4: =IF((ROW()-ROW($M$5))*10+COLUMN()-COLUMN($M$5)+1<=ROUND($J$5,0),"●","○") -> ● | Y4: =IF((ROW()-ROW($M$5))*10+COLUMN()-COLUMN($M$5)+1<=ROUND($J$5,0),"●","○") -> ●
A5: 1993 | B5: 86.054 | C5: 30.595 | D5: =B5-C5 -> 55.459 | E5: 7.642 | F5: 7.721 | G5: =E5-F5 -> -0.079 | I5: LFPR | J5: =_xlfn.XLOOKUP($I$2,Sheet1!$A$2:$A$37,Sheet1!$B$2:$B$37) -> 84.847 | K5: =_xlfn.XLOOKUP($I$2,Sheet1!$A$2:$A$37,Sheet1!$C$2:$C$37) -> 34.852 | Q5: =IF((ROW()-ROW($M$5))*10+COLUMN()-COLUMN($M$5)+1<=ROUND($J$5,0),"●","○") -> ● | R5: =IF((ROW()-ROW($M$5))*10+COLUMN()-COLUMN($M$5)+1<=ROUND($J$5,0),"●","○") -> ● | S5: =IF((ROW()-ROW($M$5))*10+COLUMN()-COLUMN($M$5)+1<=ROUND($J$5,0),"●","○") -> ● | T5: =IF((ROW()-ROW($M$5))*10+COLUMN()-COLUMN($M$5)+1<=ROUND($J$5,0),"●","○") -> ● | U5: =IF((ROW()-ROW($M$5))*10+COLUMN()-COLUMN($M$5)+1<=ROUND($J$5,0),"●","○") -> ● | V5: =IF((ROW()-ROW($M$5))*10+COLUMN()-COLUMN($M$5)+1<=ROUND($J$5,0),"●","○") -> ● | W5: =IF((ROW()-ROW($M$5))*10+COLUMN()-COLUMN($M$5)+1<=ROUND($J$5,0),"●","○") -> ● | X5: =IF((ROW()-ROW($M$5))*10+COLUMN()-COLUMN($M$5)+1<=ROUND($J$5,0),"●","○") -> ● | Y5: =IF((ROW()-ROW($M$5))*10+COLUMN()-COLUMN($M$5)+1<=ROUND($J$5,0),"●","○") -> ●
A6: 1994 | B6: 86.016 | C6: 30.736 | D6: =B6-C6 -> 55.28 | E6: 7.57 | F6: 7.66 | G6: =E6-F6 -> -0.09 | I6: Unemployment | J6: =_xlfn.XLOOKUP($I$2,Sheet1!$A$2:$A$37,Sheet1!$E$2:$E$37) -> 7.62 | K6: =_xlfn.XLOOKUP($I$2,Sheet1!$A$2:$A$37,Sheet1!$F$2:$F$37) -> 54.812 | Q6: =IF((ROW()-ROW($M$5))*10+COLUMN()-COLUMN($M$5)+1<=ROUND($J$5,0),"●","○") -> ● | R6: =IF((ROW()-ROW($M$5))*10+COLUMN()-COLUMN($M$5)+1<=ROUND($J$5,0),"●","○") -> ● | S6: =IF((ROW()-ROW($M$5))*10+COLUMN()-COLUMN($M$5)+1<=ROUND($J$5,0),"●","○") -> ● | T6: =IF((ROW()-ROW($M$5))*10+COLUMN()-COLUMN($M$5)+1<=ROUND($J$5,0),"●","○") -> ● | U6: =IF((ROW()-ROW($M$5))*10+COLUMN()-COLUMN($M$5)+1<=ROUND($J$5,0),"●","○") -> ● | V6: =IF((ROW()-ROW($M$5))*10+COLUMN()-COLUMN($M$5)+1<=ROUND($J$5,0),"●","○") -> ● | W6: =IF((ROW()-ROW($M$5))*10+COLUMN()-COLUMN($M$5)+1<=ROUND($J$5,0),"●","○") -> ● | X6: =IF((ROW()-ROW($M$5))*10+COLUMN()-COLUMN($M$5)+1<=ROUND($J$5,0),"●","○") -> ● | Y6: =IF((ROW()-ROW($M$5))*10+COLUMN()-COLUMN($M$5)+1<=ROUND($J$5,0),"●","○") -> ●
A7: 1995 | B7: 86.143 | C7: 31.331 | D7: =B7-C7 -> 54.812 | E7: 7.545 | F7: 7.639 | G7: =E7-F7 -> -0.094 | Q7: =IF((ROW()-ROW($M$5))*10+COLUMN()-COLUMN($M$5)+1<=ROUND($J$5,0),"●","○") -> ● | R7: =IF((ROW()-ROW($M$5))*10+COLUMN()-COLUMN($M$5)+1<=ROUND($J$5,0),"●","○") -> ● | S7: =IF((ROW()-ROW($M$5))*10+COLUMN()-COLUMN($M$5)+1<=ROUND($J$5,0),"●","○") -> ● | T7: =IF((ROW()-ROW($M$5))*10+COLUMN()-COLUMN($M$5)+1<=ROUND($J$5,0),"●","○") -> ● | U7: =IF((ROW()-ROW($M$5))*10+COLUMN()-COLUMN($M$5)+1<=ROUND($J$5,0),"●","○") -> ● | V7: =IF((ROW()-ROW($M$5))*10+COLUMN()-COLUMN($M$5)+1<=ROUND($J$5,0),"●","○") -> ● | W7: =IF((ROW()-ROW($M$5))*10+COLUMN()-COLUMN($M$5)+1<=ROUND($J$5,0),"●","○") -> ● | X7: =IF((ROW()-ROW($M$5))*10+COLUMN()-COLUMN($M$5)+1<=ROUND($J$5,0),"●","○") -> ● | Y7: =IF((ROW()-ROW($M$5))*10+COLUMN()-COLUMN($M$5)+1<=ROUND($J$5,0),"●","○") -> ●
A8: 1996 | B8: 86.265 | C8: 31.934 | D8: =B8-C8 -> 54.331 | E8: 7.511 | F8: 7.611 | G8: =E8-F8 -> -0.1 | I8: LFPR | J8: =_xlfn.XLOOKUP($I$2,Sheet1!$A$2:$A$37,Sheet1!$D$2:$D$37) -> 7.523 | Q8: =IF((ROW()-ROW($M$5))*10+COLUMN()-COLUMN($M$5)+1<=ROUND($J$5,0),"●","○") -> ● | R8: =IF((ROW()-ROW($M$5))*10+COLUMN()-COLUMN($M$5)+1<=ROUND($J$5,0),"●","○") -> ● | S8: =IF((ROW()-ROW($M$5))*10+COLUMN()-COLUMN($M$5)+1<=ROUND($J$5,0),"●","○") -> ● | T8: =IF((ROW()-ROW($M$5))*10+COLUMN()-COLUMN($M$5)+1<=ROUND($J$5,0),"●","○") -> ● | U8: =IF((ROW()-ROW($M$5))*10+COLUMN()-COLUMN($M$5)+1<=ROUND($J$5,0),"●","○") -> ● | V8: =IF((ROW()-ROW($M$5))*10+COLUMN()-COLUMN($M$5)+1<=ROUND($J$5,0),"●","○") -> ● | W8: =IF((ROW()-ROW($M$5))*10+COLUMN()-COLUMN($M$5)+1<=ROUND($J$5,0),"●","○") -> ● | X8: =IF((ROW()-ROW($M$5))*10+COLUMN()-COLUMN($M$5)+1<=ROUND($J$5,0),"●","○") -> ● | Y8: =IF((ROW()-ROW($M$5))*10+COLUMN()-COLUMN($M$5)+1<=ROUND($J$5,0),"●","○") -> ●
A9: 1997 | B9: 86.387 | C9: 32.542 | D9: =B9-C9 -> 53.845 | E9: 7.549 | F9: 7.643 | G9: =E9-F9 -> -0.094 | I9: UNEMPLOYMENT GAP | J9: =_xlfn.XLOOKUP($I$2,Sheet1!$A$2:$A$37,Sheet1!$G$2:$G$37) -> 7.9234306 | Q9: =IF((ROW()-ROW($M$5))*10+COLUMN()-COLUMN($M$5)+1<=ROUND($J$5,0),"●","○") -> ● | R9: =IF((ROW()-ROW($M$5))*10+COLUMN()-COLUMN($M$5)+1<=ROUND($J$5,0),"●","○") -> ● | S9: =IF((ROW()-ROW($M$5))*10+COLUMN()-COLUMN($M$5)+1<=ROUND($J$5,0),"●","○") -> ● | T9: =IF((ROW()-ROW($M$5))*10+COLUMN()-COLUMN($M$5)+1<=ROUND($J$5,0),"●","○") -> ● | U9: =IF((ROW()-ROW($M$5))*10+COLUMN()-COLUMN($M$5)+1<=ROUND($J$5,0),"●","○") -> ● | V9: =IF((ROW()-ROW($M$5))*10+COLUMN()-COLUMN($M$5)+1<=ROUND($J$5,0),"●","○") -> ● | W9: =IF((ROW()-ROW($M$5))*10+COLUMN()-COLUMN($M$5)+1<=ROUND($J$5,0),"●","○") -> ● | X9: =IF((ROW()-ROW($M$5))*10+COLUMN()-COLUMN($M$5)+1<=ROUND($J$5,0),"●","○") -> ● | Y9: =IF((ROW()-ROW($M$5))*10+COLUMN()-COLUMN($M$5)+1<=ROUND($J$5,0),"●","○") -> ●
A10: 1998 | B10: 86.509 | C10: 33.157 | D10: =B10-C10 -> 53.352 | E10: 7.571 | F10: 7.661 | G10: =E10-F10 -> -0.09 | Q10: =IF((ROW()-ROW($M$5))*10+COLUMN()-COLUMN($M$5)+1<=ROUND($J$5,0),"●","○") -> ● | R10: =IF((ROW()-ROW($M$5))*10+COLUMN()-COLUMN($M$5)+1<=ROUND($J$5,0),"●","○") -> ● | S10: =IF((ROW()-ROW($M$5))*10+COLUMN()-COLUMN($M$5)+1<=ROUND($J$5,0),"●","○") -> ● | T10: =IF((ROW()-ROW($M$5))*10+COLUMN()-COLUMN($M$5)+1<=ROUND($J$5,0),"●","○") -> ● | U10: =IF((ROW()-ROW($M$5))*10+COLUMN()-COLUMN($M$5)+1<=ROUND($J$5,0),"●","○") -> ● | V10: =IF((ROW()-ROW($M$5))*10+COLUMN()-COLUMN($M$5)+1<=ROUND($J$5,0),"●","○") -> ● | W10: =IF((ROW()-ROW($M$5))*10+COLUMN()-COLUMN($M$5)+1<=ROUND($J$5,0),"●","○") -> ● | X10: =IF((ROW()-ROW($M$5))*10+COLUMN()-COLUMN($M$5)+1<=ROUND($J$5,0),"●","○") -> ● | Y10: =IF((ROW()-ROW($M$5))*10+COLUMN()-COLUMN($M$5)+1<=ROUND($J$5,0),"●","○") -> ●
A11: 1999 | B11: 86.628 | C11: 33.775 | D11: =B11-C11 -> 52.853 | E11: 7.558 | F11: 7.65 | G11: =E11-F11 -> -0.092 | I11: ="Labour Force Participation — "&I2 -> Labour Force Participation — 2005
A12: 2000 | B12: 86.742 | C12: 34.397 | D12: =B12-C12 -> 52.345 | E12: 7.564 | F12: 7.655 | G12: =E12-F12 -> -0.091
A13: 2001 | B13: 86.369 | C13: 34.483 | D13: =B13-C13 -> 51.886 | E13: 7.587 | F13: 7.674 | G13: =E13-F13 -> -0.087
A14: 2002 | B14: 85.993 | C14: 34.57 | D14: =B14-C14 -> 51.423 | E14: 7.659 | F14: 7.736 | G14: =E14-F14 -> -0.077 | Q14: =IF((ROW()-ROW($Q$15))*10+COLUMN()-COLUMN($Q$15)+1<=ROUND(Sheet2!$K$5,0),"●","○") -> ● | R14: =IF((ROW()-ROW($Q$15))*10+COLUMN()-COLUMN($Q$15)+1<=ROUND(Sheet2!$K$5,0),"●","○") -> ● | S14: =IF((ROW()-ROW($Q$15))*10+COLUMN()-COLUMN($Q$15)+1<=ROUND(Sheet2!$K$5,0),"●","○") -> ● | T14: =IF((ROW()-ROW($Q$15))*10+COLUMN()-COLUMN($Q$15)+1<=ROUND(Sheet2!$K$5,0),"●","○") -> ● | U14: =IF((ROW()-ROW($Q$15))*10+COLUMN()-COLUMN($Q$15)+1<=ROUND(Sheet2!$K$5,0),"●","○") -> ● | V14: =IF((ROW()-ROW($Q$15))*10+COLUMN()-COLUMN($Q$15)+1<=ROUND(Sheet2!$K$5,0),"●","○") -> ● | W14: =IF((ROW()-ROW($Q$15))*10+COLUMN()-COLUMN($Q$15)+1<=ROUND(Sheet2!$K$5,0),"●","○") -> ● | X14: =IF((ROW()-ROW($Q$15))*10+COLUMN()-COLUMN($Q$15)+1<=ROUND(Sheet2!$K$5,0),"●","○") -> ● | Y14: =IF((ROW()-ROW($Q$15))*10+COLUMN()-COLUMN($Q$15)+1<=ROUND(Sheet2!$K$5,0),"●","○") -> ●
A15: 2003 | B15: 85.614 | C15: 34.66 | D15: =B15-C15 -> 50.954 | E15: 7.61 | F15: 7.694 | G15: =E15-F15 -> -0.084 | Q15: =IF((ROW()-ROW($Q$15))*10+COLUMN()-COLUMN($Q$15)+1<=ROUND(Sheet2!$K$5,0),"●","○") -> ● | R15: =IF((ROW()-ROW($Q$15))*10+COLUMN()-COLUMN($Q$15)+1<=ROUND(Sheet2!$K$5,0),"●","○") -> ● | S15: =IF((ROW()-ROW($Q$15))*10+COLUMN()-COLUMN($Q$15)+1<=ROUND(Sheet2!$K$5,0),"●","○") -> ● | T15: =IF((ROW()-ROW($Q$15))*10+COLUMN()-COLUMN($Q$15)+1<=ROUND(Sheet2!$K$5,0),"●","○") -> ● | U15: =IF((ROW()-ROW($Q$15))*10+COLUMN()-COLUMN($Q$15)+1<=ROUND(Sheet2!$K$5,0),"●","○") -> ● | V15: =IF((ROW()-ROW($Q$15))*10+COLUMN()-COLUMN($Q$15)+1<=ROUND(Sheet2!$K$5,0),"●","○") -> ● | W15: =IF((ROW()-ROW($Q$15))*10+COLUMN()-COLUMN($Q$15)+1<=ROUND(Sheet2!$K$5,0),"●","○") -> ● | X15: =IF((ROW()-ROW($Q$15))*10+COLUMN()-COLUMN($Q$15)+1<=ROUND(Sheet2!$K$5,0),"●","○") -> ● | Y15: =IF((ROW()-ROW($Q$15))*10+COLUMN()-COLUMN($Q$15)+1<=ROUND(Sheet2!$K$5,0),"●","○") -> ●
A16: 2004 | B16: 85.229 | C16: 34.753 | D16: =B16-C16 -> 50.476 | E16: 7.573 | F16: 7.663 | G16: =E16-F16 -> -0.09 | Q16: =IF((ROW()-ROW($Q$15))*10+COLUMN()-COLUMN($Q$15)+1<=ROUND(Sheet2!$K$5,0),"●","○") -> ● | R16: =IF((ROW()-ROW($Q$15))*10+COLUMN()-COLUMN($Q$15)+1<=ROUND(Sheet2!$K$5,0),"●","○") -> ● | S16: =IF((ROW()-ROW($Q$15))*10+COLUMN()-COLUMN($Q$15)+1<=ROUND(Sheet2!$K$5,0),"●","○") -> ● | T16: =IF((ROW()-ROW($Q$15))*10+COLUMN()-COLUMN($Q$15)+1<=ROUND(Sheet2!$K$5,0),"●","○") -> ● | U16: =IF((ROW()-ROW($Q$15))*10+COLUMN()-COLUMN($Q$15)+1<=ROUND(Sheet2!$K$5,0),"●","○") -> ● | V16: =IF((ROW()-ROW($Q$15))*10+COLUMN()-COLUMN($Q$15)+1<=ROUND(Sheet2!$K$5,0),"●","○") -> ● | W16: =IF((ROW()-ROW($Q$15))*10+COLUMN()-COLUMN($Q$15)+1<=ROUND(Sheet2!$K$5,0),"●","○") -> ● | X16: =IF((ROW()-ROW($Q$15))*10+COLUMN()-COLUMN($Q$15)+1<=ROUND(Sheet2!$K$5,0),"●","○") -> ● | Y16: =IF((ROW()-ROW($Q$15))*10+COLUMN()-COLUMN($Q$15)+1<=ROUND(Sheet2!$K$5,0),"●","○") -> ●
A17: 2005 | B17: 84.847 | C17: 34.852 | D17: =B17-C17 -> 49.995 | E17: 7.523 | F17: 7.62 | G17: =E17-F17 -> -0.097 | Q17: =IF((ROW()-ROW($Q$15))*10+COLUMN()-COLUMN($Q$15)+1<=ROUND(Sheet2!$K$5,0),"●","○") -> ● | R17: =IF((ROW()-ROW($Q$15))*10+COLUMN()-COLUMN($Q$15)+1<=ROUND(Sheet2!$K$5,0),"●","○") -> ● | S17: =IF((ROW()-ROW($Q$15))*10+COLUMN()-COLUMN($Q$15)+1<=ROUND(Sheet2!$K$5,0),"●","○") -> ● | T17: =IF((ROW()-ROW($Q$15))*10+COLUMN()-COLUMN($Q$15)+1<=ROUND(Sheet2!$K$5,0),"●","○") -> ● | U17: =IF((ROW()-ROW($Q$15))*10+COLUMN()-COLUMN($Q$15)+1<=ROUND(Sheet2!$K$5,0),"●","○") -> ● | V17: =IF((ROW()-ROW($Q$15))*10+COLUMN()-COLUMN($Q$15)+1<=ROUND(Sheet2!$K$5,0),"●","○") -> ● | W17: =IF((ROW()-ROW($Q$15))*10+COLUMN()-COLUMN($Q$15)+1<=ROUND(Sheet2!$K$5,0),"●","○") -> ● | X17: =IF((ROW()-ROW($Q$15))*10+COLUMN()-COLUMN($Q$15)+1<=ROUND(Sheet2!$K$5,0),"●","○") -> ● | Y17: =IF((ROW()-ROW($Q$15))*10+COLUMN()-COLUMN($Q$15)+1<=ROUND(Sheet2!$K$5,0),"●","○") -> ●
A18: 2006 | B18: 84.294 | C18: 33.499 | D18: =B18-C18 -> 50.795 | E18: 7.526 | F18: 7.623 | G18: =E18-F18 -> -0.097 | Q18: =IF((ROW()-ROW($Q$15))*10+COLUMN()-COLUMN($Q$15)+1<=ROUND(Sheet2!$K$5,0),"●","○") -> ● | R18: =IF((ROW()-ROW($Q$15))*10+COLUMN()-COLUMN($Q$15)+1<=ROUND(Sheet2!$K$5,0),"●","○") -> ● | S18: =IF((ROW()-ROW($Q$15))*10+COLUMN()-COLUMN($Q$15)+1<=ROUND(Sheet2!$K$5,0),"●","○") -> ● | T18: =IF((ROW()-ROW($Q$15))*10+COLUMN()-COLUMN($Q$15)+1<=ROUND(Sheet2!$K$5,0),"●","○") -> ● | U18: =IF((ROW()-ROW($Q$15))*10+COLUMN()-COLUMN($Q$15)+1<=ROUND(Sheet2!$K$5,0),"●","○") -> ● | V18: =IF((ROW()-ROW($Q$15))*10+COLUMN()-COLUMN($Q$15)+1<=ROUND(Sheet2!$K$5,0),"●","○") -> ○ | W18: =IF((ROW()-ROW($Q$15))*10+COLUMN()-COLUMN($Q$15)+1<=ROUND(Sheet2!$K$5,0),"●","○") -> ○ | X18: =IF((ROW()-ROW($Q$15))*10+COLUMN()-COLUMN($Q$15)+1<=ROUND(Sheet2!$K$5,0),"●","○") -> ○ | Y18: =IF((ROW()-ROW($Q$15))*10+COLUMN()-COLUMN($Q$15)+1<=ROUND(Sheet2!$K$5,0),"●","○") -> ○
A19: 2007 | B19: 83.744 | C19: 32.179 | D19: =B19-C19 -> 51.565 | E19: 7.536 | F19: 7.631 | G19: =E19-F19 -> -0.095 | Q19: =IF((ROW()-ROW($Q$15))*10+COLUMN()-COLUMN($Q$15)+1<=ROUND(Sheet2!$K$5,0),"●","○") -> ○ | R19: =IF((ROW()-ROW($Q$15))*10+COLUMN()-COLUMN($Q$15)+1<=ROUND(Sheet2!$K$5,0),"●","○") -> ○ | S19: =IF((ROW()-ROW($Q$15))*10+COLUMN()-COLUMN($Q$15)+1<=ROUND(Sheet2!$K$5,0),"●","○") -> ○ | T19: =IF((ROW()-ROW($Q$15))*10+COLUMN()-COLUMN($Q$15)+1<=ROUND(Sheet2!$K$5,0),"●","○") -> ○ | U19: =IF((ROW()-ROW($Q$15))*10+COLUMN()-COLUMN($Q$15)+1<=ROUND(Sheet2!$K$5,0),"●","○") -> ○ | V19: =IF((ROW()-ROW($Q$15))*10+COLUMN()-COLUMN($Q$15)+1<=ROUND(Sheet2!$K$5,0),"●","○") -> ○ | W19: =IF((ROW()-ROW($Q$15))*10+COLUMN()-COLUMN($Q$15)+1<=ROUND(Sheet2!$K$5,0),"●","○") -> ○ | X19: =IF((ROW()-ROW($Q$15))*10+COLUMN()-COLUMN($Q$15)+1<=ROUND(Sheet2!$K$5,0),"●","○") -> ○ | Y19: =IF((ROW()-ROW($Q$15))*10+COLUMN()-COLUMN($Q$15)+1<=ROUND(Sheet2!$K$5,0),"●","○") -> ○
A20: 2008 | B20: 83.203 | C20: 30.892 | D20: =B20-C20 -> 52.311 | E20: 7.606 | F20: 7.691 | G20: =E20-F20 -> -0.085 | Q20: =IF((ROW()-ROW($Q$15))*10+COLUMN()-COLUMN($Q$15)+1<=ROUND(Sheet2!$K$5,0),"●","○") -> ○ | R20: =IF((ROW()-ROW($Q$15))*10+COLUMN()-COLUMN($Q$15)+1<=ROUND(Sheet2!$K$5,0),"●","○") -> ○ | S20: =IF((ROW()-ROW($Q$15))*10+COLUMN()-COLUMN($Q$15)+1<=ROUND(Sheet2!$K$5,0),"●","○") -> ○ | T20: =IF((ROW()-ROW($Q$15))*10+COLUMN()-COLUMN($Q$15)+1<=ROUND(Sheet2!$K$5,0),"●","○") -> ○ | U20: =IF((ROW()-ROW($Q$15))*10+COLUMN()-COLUMN($Q$15)+1<=ROUND(Sheet2!$K$5,0),"●","○") -> ○ | V20: =IF((ROW()-ROW($Q$15))*10+COLUMN()-COLUMN($Q$15)+1<=ROUND(Sheet2!$K$5,0),"●","○") -> ○ | W20: =IF((ROW()-ROW($Q$15))*10+COLUMN()-COLUMN($Q$15)+1<=ROUND(Sheet2!$K$5,0),"●","○") -> ○ | X20: =IF((ROW()-ROW($Q$15))*10+COLUMN()-COLUMN($Q$15)+1<=ROUND(Sheet2!$K$5,0),"●","○") -> ○ | Y20: =IF((ROW()-ROW($Q$15))*10+COLUMN()-COLUMN($Q$15)+1<=ROUND(Sheet2!$K$5,0),"●","○") -> ○
A21: 2009 | B21: 82.674 | C21: 29.641 | D21: =B21-C21 -> 53.033 | E21: 7.615 | F21: 7.698 | G21: =E21-F21 -> -0.083 | Q21: =IF((ROW()-ROW($Q$15))*10+COLUMN()-COLUMN($Q$15)+1<=ROUND(Sheet2!$K$5,0),"●","○") -> ○ | R21: =IF((ROW()-ROW($Q$15))*10+COLUMN()-COLUMN($Q$15)+1<=ROUND(Sheet2!$K$5,0),"●","○") -> ○ | S21: =IF((ROW()-ROW($Q$15))*10+COLUMN()-COLUMN($Q$15)+1<=ROUND(Sheet2!$K$5,0),"●","○") -> ○ | T21: =IF((ROW()-ROW($Q$15))*10+COLUMN()-COLUMN($Q$15)+1<=ROUND(Sheet2!$K$5,0),"●","○") -> ○ | U21: =IF((ROW()-ROW($Q$15))*10+COLUMN()-COLUMN($Q$15)+1<=ROUND(Sheet2!$K$5,0),"●","○") -> ○ | V21: =IF((ROW()-ROW($Q$15))*10+COLUMN()-COLUMN($Q$15)+1<=ROUND(Sheet2!$K$5,0),"●","○") -> ○ | W21: =IF((ROW()-ROW($Q$15))*10+COLUMN()-COLUMN($Q$15)+1<=ROUND(Sheet2!$K$5,0),"●","○") -> ○ | X21: =IF((ROW()-ROW($Q$15))*10+COLUMN()-COLUMN($Q$15)+1<=ROUND(Sheet2!$K$5,0),"●","○") -> ○ | Y21: =IF((ROW()-ROW($Q$15))*10+COLUMN()-COLUMN($Q$15)+1<=ROUND(Sheet2!$K$5,0),"●","○") -> ○
A22: 2010 | B22: 82.157 | C22: 28.425 | D22: =B22-C22 -> 53.732 | E22: 7.61 | F22: 7.694 | G22: =E22-F22 -> -0.084 | Q22: =IF((ROW()-ROW($Q$15))*10+COLUMN()-COLUMN($Q$15)+1<=ROUND(Sheet2!$K$5,0),"●","○") -> ○ | R22: =IF((ROW()-ROW($Q$15))*10+COLUMN()-COLUMN($Q$15)+1<=ROUND(Sheet2!$K$5,0),"●","○") -> ○ | S22: =IF((ROW()-ROW($Q$15))*10+COLUMN()-COLUMN($Q$15)+1<=ROUND(Sheet2!$K$5,0),"●","○") -> ○ | T22: =IF((ROW()-ROW($Q$15))*10+COLUMN()-COLUMN($Q$15)+1<=ROUND(Sheet2!$K$5,0),"●","○") -> ○ | U22: =IF((ROW()-ROW($Q$15))*10+COLUMN()-COLUMN($Q$15)+1<=ROUND(Sheet2!$K$5,0),"●","○") -> ○ | V22: =IF((ROW()-ROW($Q$15))*10+COLUMN()-COLUMN($Q$15)+1<=ROUND(Sheet2!$K$5,0),"●","○") -> ○ | W22: =IF((ROW()-ROW($Q$15))*10+COLUMN()-COLUMN($Q$15)+1<=ROUND(Sheet2!$K$5,0),"●","○") -> ○ | X22: =IF((ROW()-ROW($Q$15))*10+COLUMN()-COLUMN($Q$15)+1<=ROUND(Sheet2!$K$5,0),"●","○") -> ○ | Y22: =IF((ROW()-ROW($Q$15))*10+COLUMN()-COLUMN($Q$15)+1<=ROUND(Sheet2!$K$5,0),"●","○") -> ○
A23: 2011 | B23: 81.732 | C23: 27.583 | D23: =B23-C23 -> 54.149 | E23: 7.587 | F23: 7.675 | G23: =E23-F23 -> -0.088 | Q23: =IF((ROW()-ROW($Q$15))*10+COLUMN()-COLUMN($Q$15)+1<=ROUND(Sheet2!$K$5,0),"●","○") -> ○ | R23: =IF((ROW()-ROW($Q$15))*10+COLUMN()-COLUMN($Q$15)+1<=ROUND(Sheet2!$K$5,0),"●","○") -> ○ | S23: =IF((ROW()-ROW($Q$15))*10+COLUMN()-COLUMN($Q$15)+1<=ROUND(Sheet2!$K$5,0),"●","○") -> ○ | T23: =IF((ROW()-ROW($Q$15))*10+COLUMN()-COLUMN($Q$15)+1<=ROUND(Sheet2!$K$5,0),"●","○") -> ○ | U23: =IF((ROW()-ROW($Q$15))*10+COLUMN()-COLUMN($Q$15)+1<=ROUND(Sheet2!$K$5,0),"●","○") -> ○ | V23: =IF((ROW()-ROW($Q$15))*10+COLUMN()-COLUMN($Q$15)+1<=ROUND(Sheet2!$K$5,0),"●","○") -> ○ | W23: =IF((ROW()-ROW($Q$15))*10+COLUMN()-COLUMN($Q$15)+1<=ROUND(Sheet2!$K$5,0),"●","○") -> ○ | X23: =IF((ROW()-ROW($Q$15))*10+COLUMN()-COLUMN($Q$15)+1<=ROUND(Sheet2!$K$5,0),"●","○") -> ○ | Y23: =IF((ROW()-ROW($Q$15))*10+COLUMN()-COLUMN($Q$15)+1<=ROUND(Sheet2!$K$5,0),"●","○") -> ○
A24: 2012 | B24: 81.316 | C24: 26.764 | D24: =B24-C24 -> 54.552 | E24: 7.625 | F24: 7.707 | G24: =E24-F24 -> -0.082 | Q24: =IF((ROW()-ROW($Q$15))*10+COLUMN()-COLUMN($Q$15)+1<=ROUND(Sheet2!$K$5,0),"●","○") -> ○ | R24: =IF((ROW()-ROW($Q$15))*10+COLUMN()-COLUMN($Q$15)+1<=ROUND(Sheet2!$K$5,0),"●","○") -> ○ | S24: =IF((ROW()-ROW($Q$15))*10+COLUMN()-COLUMN($Q$15)+1<=ROUND(Sheet2!$K$5,0),"●","○") -> ○ | T24: =IF((ROW()-ROW($Q$15))*10+COLUMN()-COLUMN($Q$15)+1<=ROUND(Sheet2!$K$5,0),"●","○") -> ○ | U24: =IF((ROW()-ROW($Q$15))*10+COLUMN()-COLUMN($Q$15)+1<=ROUND(Sheet2!$K$5,0),"●","○") -> ○ | V24: =IF((ROW()-ROW($Q$15))*10+COLUMN()-COLUMN($Q$15)+1<=ROUND(Sheet2!$K$5,0),"●","○") -> ○ | W24: =IF((ROW()-ROW($Q$15))*10+COLUMN()-COLUMN($Q$15)+1<=ROUND(Sheet2!$K$5,0),"●","○") -> ○ | X24: =IF((ROW()-ROW($Q$15))*10+COLUMN()-COLUMN($Q$15)+1<=ROUND(Sheet2!$K$5,0),"●","○") -> ○ | Y24: =IF((ROW()-ROW($Q$15))*10+COLUMN()-COLUMN($Q$15)+1<=ROUND(Sheet2!$K$5,0),"●","○") -> ○
A25: 2013 | B25: 81.209 | C25: 26.669 | D25: =B25-C25 -> 54.54 | E25: 7.659 | F25: 7.736 | G25: =E25-F25 -> -0.077
A26: 2014 | B26: 81.058 | C26: 26.607 | D26: =B26-C26 -> 54.451 | E26: 7.636 | F26: 7.717 | G26: =E26-F26 -> -0.081
A27: 2015 | B27: 80.853 | C27: 26.582 | D27: =B27-C27 -> 54.271 | E27: 7.609 | F27: 7.693 | G27: =E27-F27 -> -0.084
A28: 2016 | B28: 80.628 | C28: 26.575 | D28: =B28-C28 -> 54.053 | E28: 7.59 | F28: 7.678 | G28: =E28-F28 -> -0.088
A29: 2017 | B29: 80.393 | C29: 26.578 | D29: =B29-C29 -> 53.815 | E29: 7.605 | F29: 7.69 | G29: =E29-F29 -> -0.085
A30: 2018 | B30: 80.158 | C30: 26.568 | D30: =B30-C30 -> 53.59 | E30: 7.632 | F30: 7.713 | G30: =E30-F30 -> -0.081
A31: 2019 | B31: 79.928 | C31: 26.539 | D31: =B31-C31 -> 53.389 | E31: 6.653 | F31: 6.073 | G31: =E31-F31 -> 0.58
A32: 2020 | B32: 79.12 | C32: 25.998 | D32: =B32-C32 -> 53.122 | E32: 8.219 | F32: 6.749 | G32: =E32-F32 -> 1.47
A33: 2021 | B33: 79.511 | C33: 27.724 | D33: =B33-C33 -> 51.787 | E33: 6.72 | F33: 5.394 | G33: =E33-F33 -> 1.326
A34: 2022 | B34: 80.154 | C34: 29.348 | D34: =B34-C34 -> 50.806 | E34: 4.907 | F34: 4.587 | G34: =E34-F34 -> 0.32
A35: 2023 | B35: 80.903 | C35: 30.984 | D35: =B35-C35 -> 49.919 | E35: 4.216 | F35: 4.057 | G35: =E35-F35 -> 0.159
A36: 2024 | B36: 81.489 | C36: 32.415 | D36: =B36-C36 -> 49.074 | E36: 4.207 | F36: 4.088 | G36: =E36-F36 -> 0.119
A37: 2025 | B37: 81.652 | C37: 32.425 | D37: =B37-C37 -> 49.227 | E37: 4.249 | F37: 4.141 | G37: =E37-F37 -> 0.108

Sheet Sheet3
A30: Year | B30: LFPR Gap | C30: Gap Change | D30: Selected Gap | E30: EXPLORE A YEAR
A31: =Sheet1!A2 -> 1990 | B31: =Sheet2!D2 -> 55.861 | C31: =B32-B31 -> -0.117 | D31: =IF(A31=$E$31,B31,NA()) -> #N/A | E31: 1999 | F31: ="In "&E31&", the gap between male and female LFPR was "&ROUND(F33,1)&" percentage points." -> In 1999, the gap between male and female LFPR was 52.9 percentage points.
A32: =Sheet1!A3 -> 1991 | B32: =Sheet2!D3 -> 55.744 | C32: =B33-B32 -> -0.139 | D32: =IF(A32=$E$31,B32,NA()) -> #N/A
A33: =Sheet1!A4 -> 1992 | B33: =Sheet2!D4 -> 55.605 | C33: =B34-B33 -> -0.146 | D33: =IF(A33=$E$31,B33,NA()) -> #N/A | E33: LFPR GAP | F33: =_xlfn.XLOOKUP(E31,$A$31:$A$66,$B$31:$B$66) -> 52.853
A34: =Sheet1!A5 -> 1993 | B34: =Sheet2!D5 -> 55.459 | C34: =B35-B34 -> -0.179 | D34: =IF(A34=$E$31,B34,NA()) -> #N/A
A35: =Sheet1!A6 -> 1994 | B35: =Sheet2!D6 -> 55.28 | C35: =B36-B35 -> -0.468 | D35: =IF(A35=$E$31,B35,NA()) -> #N/A
A36: =Sheet1!A7 -> 1995 | B36: =Sheet2!D7 -> 54.812 | C36: =B37-B36 -> -0.481 | D36: =IF(A36=$E$31,B36,NA()) -> #N/A
A37: =Sheet1!A8 -> 1996 | B37: =Sheet2!D8 -> 54.331 | C37: =B38-B37 -> -0.486 | D37: =IF(A37=$E$31,B37,NA()) -> #N/A
A38: =Sheet1!A9 -> 1997 | B38: =Sheet2!D9 -> 53.845 | C38: =B39-B38 -> -0.493 | D38: =IF(A38=$E$31,B38,NA()) -> #N/A
A39: =Sheet1!A10 -> 1998 | B39: =Sheet2!D10 -> 53.352 | C39: =B40-B39 -> -0.499 | D39: =IF(A39=$E$31,B39,NA()) -> #N/A
A40: =Sheet1!A11 -> 1999 | B40: =Sheet2!D11 -> 52.853 | C40: =B41-B40 -> -0.508 | D40: =IF(A40=$E$31,B40,NA()) -> 52.853
A41: =Sheet1!A12 -> 2000 | B41: =Sheet2!D12 -> 52.345 | C41: =B42-B41 -> -0.459 | D41: =IF(A41=$E$31,B41,NA()) -> #N/A
A42: =Sheet1!A13 -> 2001 | B42: =Sheet2!D13 -> 51.886 | C42: =B43-B42 -> -0.463 | D42: =IF(A42=$E$31,B42,NA()) -> #N/A
A43: =Sheet1!A14 -> 2002 | B43: =Sheet2!D14 -> 51.423 | C43: =B44-B43 -> -0.469 | D43: =IF(A43=$E$31,B43,NA()) -> #N/A
A44: =Sheet1!A15 -> 2003 | B44: =Sheet2!D15 -> 50.954 | C44: =B45-B44 -> -0.478 | D44: =IF(A44=$E$31,B44,NA()) -> #N/A
A45: =Sheet1!A16 -> 2004 | B45: =Sheet2!D16 -> 50.476 | C45: =B46-B45 -> -0.481 | D45: =IF(A45=$E$31,B45,NA()) -> #N/A
... A66: =Sheet1!A37 -> 2025 | B66: =Sheet2!D37 -> 49.227 | C66: =B67-B66 -> -49.227 | D66: =IF(A66=$E$31,B66,NA()) -> #N/A
